{
	"MinGridPosition": {
		"x": -328.903,
		"y": -67.2875,
		"z": -110.1923
	},
	"MaxGridPosition": {
		"x": 14311.771,
		"y": 184.9734,
		"z": 14556.88
	},
	"TranslationMaxGridPosition": {
		"x": 0.020012738,
		"y": 0.0,
		"z": 0.0200449
	},
	"CellSize": 50.0,
	"CellCountX": 293,
	"CellCountY": 294,

	"RegionTagTable": null,
	"SampledHeightsCountX": 587,
	"SampledHeightsCountY": 589,
	"SampledHeightsDistance": {
		"x": 24.984087,
		"y": 24.944
	},
    
	"MapWidth": 13982.868,
	"MapHeight": 14446.6875,
	"MiddleOfMap": {
		"x": 6991.434,
		"y": 7223.3438
	}
}